eprewmean,misc/total_timesteps
15.583333,4096
20.0,8192
22.121212,12288
22.651163,16384
23.833334,20480
24.25,24576
24.026667,28672
24.129412,32768
23.739584,36864
24.4,40960
25.22,45056
25.32,49152
24.79,53248
24.32,57344
23.75,61440
23.2,65536
23.37,69632
23.5,73728
23.9,77824
23.16,81920
22.75,86016
22.75,90112
23.52,94208
23.66,98304
