eprewmean,misc/total_timesteps
23.7,4096
25.190475,8192
25.096775,12288
25.341463,16384
24.792454,20480
23.698412,24576
22.973333,28672
23.423529,32768
23.25,36864
23.32,40960
23.07,45056
23.55,49152
22.72,53248
23.51,57344
24.58,61440
24.9,65536
24.72,69632
25.14,73728
25.59,77824
25.67,81920
25.73,86016
25.61,90112
25.02,94208
25.11,98304
