eprewmean,misc/total_timesteps
26.3,4096
26.571428,8192
25.516129,12288
24.52381,16384
24.75,20480
24.650793,24576
23.88,28672
23.627907,32768
23.604166,36864
22.72,40960
21.63,45056
21.34,49152
21.57,53248
21.57,57344
21.73,61440
22.46,65536
23.65,69632
23.66,73728
24.23,77824
24.73,81920
25.47,86016
25.83,90112
25.21,94208
25.17,98304
