eprewmean,misc/total_timesteps
22.5,4096
22.8,8192
21.727272,12288
21.568182,16384
21.527273,20480
21.96923,24576
21.636364,28672
20.351648,32768
20.98,36864
21.25,40960
21.44,45056
20.98,49152
21.45,53248
21.48,57344
20.89,61440
20.78,65536
21.44,69632
21.53,73728
20.56,77824
20.37,81920
20.05,86016
19.73,90112
20.19,94208
20.35,98304
