eprewmean,misc/total_timesteps
23.9,4096
25.75,8192
26.7,12288
26.425,16384
26.66,20480
27.0,24576
26.657143,28672
26.09756,32768
25.860214,36864
26.05,40960
26.01,45056
26.19,49152
26.11,53248
25.8,57344
25.69,61440
25.38,65536
25.57,69632
26.2,73728
26.42,77824
26.28,81920
26.38,86016
26.05,90112
25.97,94208
25.27,98304
